K,Test_Accuracy,Memory_MB,Total_Time
100,0.7666666666666667,495.2109375,4.338041067123413
200,0.75,498.99609375,5.38007378578186
300,0.6833333333333333,499.83203125,7.637493133544922
